DayOfWeek,Total_Spent,Transaction_Count,Avg_Transaction
Monday,23965.44,182,131.67824175824174
Tuesday,17252.0,204,84.56862745098039
Wednesday,14852.0,153,97.0718954248366
Thursday,21741.8,169,128.64970414201184
Friday,25105.0,192,130.75520833333334
Saturday,22579.94,109,207.15541284403668
Sunday,17990.420000000002,78,230.6464102564103
