Quarter,Total_Spent,Transaction_Count,Avg_Transaction,Unique_Payees
2024Q2,2037.99,18,113.22166666666666,17
2024Q3,6345.45,39,162.70384615384614,22
2024Q4,5715.32,38,150.40315789473684,32
2025Q1,28475.05,107,266.12196261682243,55
2025Q2,14713.99,151,97.44364238410596,72
2025Q3,16338.0,189,86.44444444444444,100
2025Q4,22260.92,157,141.78929936305732,79
2026Q1,31250.38,136,229.78220588235294,67
2026Q2,14113.5,206,68.5121359223301,51
2026Q3,2236.0,46,48.608695652173914,12
