DayOfWeek,Total_Spent,Transaction_Count,Avg_Transaction
Monday,162236.06,298,544.4163087248322
Tuesday,115505.0,308,375.01623376623377
Wednesday,101828.87,265,384.2598867924528
Thursday,115799.8,277,418.0498194945848
Friday,98755.25,332,297.45557228915663
Saturday,133521.3,231,578.0142857142856
Sunday,58263.42,187,311.5690909090909
