Quarter,Total_Spent,Transaction_Count,Avg_Transaction,Unique_Payees
2024Q2,10239.99,42,243.80928571428572,40
2024Q3,33126.45,95,348.6994736842105,57
2024Q4,37491.68,93,403.1363440860215,70
2025Q1,78396.1,182,430.74780219780223,103
2025Q2,71805.99,225,319.13773333333336,115
2025Q3,108651.25,289,375.95588235294116,180
2025Q4,165172.92,305,541.5505573770492,172
2026Q1,234444.38,319,734.9353605015674,194
2026Q2,43521.94,291,149.55993127147767,91
2026Q3,3059.0,57,53.666666666666664,20
